customer_id,first_name,last_name,email,state_province
1,Estrella,Thomke,ethomke0@mac.com,
2,Agata,Pude,apude1@state.gov,
3,Reinald,MacLucais,rmaclucais2@elegantthemes.com,
4,Even,Padefield,epadefield3@apple.com,B9
5,Leighton,Spreckley,lspreckley4@google.com.au,
6,Gal,Binstead,gbinstead5@macromedia.com,
7,Dewain,Eblein,deblein6@illinois.edu,OH
8,Morgen,Millier,mmillier7@thetimes.co.uk,
9,Graehme,Kilvington,gkilvington8@ebay.co.uk,
10,Tansy,Witherington,twitherington9@go.com,
11,Kimmie,Stallard,kstallarda@prnewswire.com,
12,Orazio,Sleaford,osleafordb@ehow.com,
13,Shalne,Plank,splankc@a8.net,
14,Libbey,Blackney,lblackneyd@google.co.uk,
15,Bonita,Berzen,bberzene@cbc.ca,
16,Gibb,Kaplan,gkaplanf@rakuten.co.jp,
17,Mel,Dover,mdoverg@elpais.com,QC
18,Jelene,Bortolussi,jbortolussih@nih.gov,
19,Garv,Alldritt,galldritti@artisteer.com,
20,Karoline,O'Duggan,kodugganj@europa.eu,
21,Corilla,Van Dale,cvandalek@cdc.gov,
22,Marcella,Fiennes,mfiennesl@amazon.com,
23,Ethelyn,Doe,edoem@chronoengine.com,
24,Keely,Cronchey,kcroncheyn@sfgate.com,
25,Kailey,Doubleday,kdoubledayo@census.gov,
26,Berkley,Wakley,bwakleyp@smh.com.au,
27,Anselm,Stockell,astockellq@virginia.edu,
28,Dominick,Crighton,dcrightonr@ox.ac.uk,
29,Malinde,Sanchiz,msanchizs@mac.com,
30,Fawnia,Beeson,fbeesont@yahoo.co.jp,
31,Waverly,Dran,wdranu@walmart.com,16
32,Eleanor,Brehat,ebrehatv@eventbrite.com,
33,Luci,Worsley,lworsleyw@skype.com,
34,Penelope,Snoxall,psnoxallx@goo.gl,C
35,Davy,Forsaith,dforsaithy@amazon.co.jp,
36,Crichton,Claringbold,cclaringboldz@mozilla.com,
37,Christiana,Truder,ctruder10@indiegogo.com,
38,Anderea,Bullas,abullas11@123-reg.co.uk,
39,Brigg,Fitter,bfitter12@paginegialle.it,
40,Ferdy,Reagan,freagan13@imageshack.us,
41,Mateo,Freund,mfreund14@umich.edu,AB
42,Marcel,Scroggie,mscroggie15@google.cn,
43,Maurene,Brecknell,mbrecknell16@statcounter.com,
44,Louisette,Tiptaft,ltiptaft17@nymag.com,
45,Rodolph,Tumioto,rtumioto18@home.pl,
46,Itch,Liggett,iliggett19@timesonline.co.uk,
47,Woodrow,MacAdie,wmacadie1a@mashable.com,
48,Lorene,McDougle,lmcdougle1b@cornell.edu,
49,Malorie,Lavielle,mlavielle1c@yahoo.co.jp,
50,Sky,Szepe,sszepe1d@time.com,
51,Tye,Hosten,thosten1e@hubpages.com,
52,Dorene,Hogbourne,dhogbourne1f@ycombinator.com,
53,Anabella,Clamp,aclamp1g@nyu.edu,
54,Laurent,Stealy,lstealy1h@unicef.org,
55,Bald,Winham,bwinham1i@google.com.au,
56,Arv,Gigg,agigg1j@multiply.com,
57,Hildy,Calder,hcalder1k@auda.org.au,
58,Onfroi,Londesborough,olondesborough1l@wordpress.com,
59,Katina,Nestor,knestor1m@opera.com,
60,Will,Guilaem,wguilaem1n@surveymonkey.com,F
61,Lionel,Chason,lchason1o@hatena.ne.jp,
62,Stavros,Perfitt,sperfitt1p@census.gov,A2
63,Brianne,Tomich,btomich1q@php.net,
64,Lynnett,Floris,lfloris1r@flickr.com,
65,Rodolph,Kemet,rkemet1s@mail.ru,
66,Othelia,Bulpitt,obulpitt1t@sourceforge.net,
67,Donia,Garritley,dgarritley1u@arstechnica.com,
68,Deloria,Budget,dbudget1v@ameblo.jp,
69,Ezra,Hullett,ehullett1w@etsy.com,B8
70,Judith,Devoy,jdevoy1x@state.gov,
71,Mendel,Reinhart,mreinhart1y@hexun.com,
72,Friedrich,Schulze,fschulze1z@t-online.de,
73,Florri,Howey,fhowey20@weebly.com,GRO
74,Brooke,Binden,bbinden21@xing.com,
75,Rochette,Hanselmann,rhanselmann22@delicious.com,
76,Ferdinand,Ferrini,fferrini23@cam.ac.uk,
77,Kalvin,Allans,kallans24@baidu.com,NY
78,Adelaida,Naismith,anaismith25@sourceforge.net,
79,Nealy,Glide,nglide26@istockphoto.com,
80,Weber,Snelman,wsnelman27@bravesites.com,
81,Arney,Woodman,awoodman28@sciencedirect.com,LM
82,Mitzi,Nicol,mnicol29@usnews.com,
83,Marrissa,Lipmann,mlipmann2a@msn.com,
84,Arin,Semrad,asemrad2b@state.gov,
85,Coleman,Pickin,cpickin2c@adobe.com,BE
86,Darius,Nystrom,dnystrom2d@creativecommons.org,B2
87,Karina,Cesconi,kcesconi2e@unesco.org,H
88,Eddie,Greatbanks,egreatbanks2f@symantec.com,
89,Stevena,Slite,sslite2g@infoseek.co.jp,
90,Zollie,Karys,zkarys2h@godaddy.com,
91,Wynn,Brisbane,wbrisbane2i@1688.com,
92,Tallie,Pidgeley,tpidgeley2j@pbs.org,
93,Arlan,MacCurtain,amaccurtain2k@princeton.edu,
94,Rubetta,Eadmead,readmead2l@instagram.com,
95,Tandie,Hebron,thebron2m@digg.com,
96,Clark,Widmoor,cwidmoor2n@infoseek.co.jp,
97,Dunn,Gorch,dgorch2o@ustream.tv,
98,Carlie,Gallaher,cgallaher2p@yahoo.com,
99,Veronika,Weed,vweed2q@paypal.com,
100,Cynthy,Bowden,cbowden2r@uol.com.br,
101,Sheri,Stamper,sstamper2s@goo.ne.jp,
102,Griff,Hatrick,ghatrick2t@csmonitor.com,
103,Kaiser,Beirne,kbeirne2u@ted.com,
104,Bartlet,Halbeard,bhalbeard2v@cloudflare.com,C1
105,Valerie,Porcher,vporcher2w@netvibes.com,
106,Vivia,Deeny,vdeeny2x@histats.com,
107,Heida,Coppen,hcoppen2y@buzzfeed.com,
108,Kippy,O'Mohun,komohun2z@ustream.tv,
109,Abbe,Ingarfill,aingarfill30@topsy.com,3
110,Nils,Ralph,nralph31@youku.com,
111,Rossie,Mintram,rmintram32@oracle.com,F
112,Alexis,Meindl,ameindl33@reddit.com,
113,Kelly,Mogey,kmogey34@earthlink.net,
114,Gretal,Varnes,gvarnes35@acquirethisname.com,46
115,Joanie,Casajuana,jcasajuana36@ft.com,
116,Clemmie,Seth,cseth37@example.com,
117,Cosimo,Dando,cdando38@godaddy.com,
118,Yevette,Fearnill,yfearnill39@sitemeter.com,
119,Harrietta,Howie,hhowie3a@ucla.edu,ON
120,Alta,Sousa,asousa3b@opera.com,
121,Carver,Simoneton,csimoneton3c@forbes.com,
122,Ario,Neilson,aneilson3d@umich.edu,
123,Whitman,Winley,wwinley3e@npr.org,
124,Efren,Fuxman,efuxman3f@rakuten.co.jp,
125,Fanchon,Reilinger,freilinger3g@thetimes.co.uk,
126,Geraldine,Tamplin,gtamplin3h@flavors.me,
127,Eddie,Belsher,ebelsher3i@csmonitor.com,
128,Zollie,Girdler,zgirdler3j@theglobeandmail.com,
129,Freddi,Pedrozzi,fpedrozzi3k@e-recht24.de,
130,Faydra,Dufore,fdufore3l@harvard.edu,
131,Kennith,Burg,kburg3m@huffingtonpost.com,
132,Rock,Piatek,rpiatek3n@networkadvertising.org,
133,Keelia,Ceillier,kceillier3o@tumblr.com,
134,Adlai,Pearle,apearle3p@g.co,
135,Dorolisa,Deeble,ddeeble3q@devhub.com,
136,Carter,Maeer,cmaeer3r@ovh.net,
137,Giustino,Feasey,gfeasey3s@admin.ch,
138,Retha,Spackman,rspackman3t@amazon.de,
139,Casey,Renshaw,crenshaw3u@zdnet.com,
140,Monica,Reede,mreede3v@topsy.com,99
141,Donny,Olivari,dolivari3w@feedburner.com,
142,Chick,Auchterlony,cauchterlony3x@timesonline.co.uk,
143,Ambros,Blazic,ablazic3y@skyrock.com,
144,Dolli,Tourot,dtourot3z@auda.org.au,A8
145,Dietrich,Silly,dsilly40@hostgator.com,QC
146,Alyson,Deery,adeery41@simplemachines.org,
147,Lorrayne,O'Breen,lobreen42@yale.edu,11
148,Chrisy,Fritschmann,cfritschmann43@networksolutions.com,
149,Riva,Minghetti,rminghetti44@tumblr.com,
150,Yurik,Hingeley,yhingeley45@creativecommons.org,
151,Alfy,Epine,aepine46@studiopress.com,
152,Ingeberg,Lowndes,ilowndes47@yale.edu,B5
153,Georgette,Drewes,gdrewes48@youtube.com,
154,Huntley,Mackro,hmackro49@npr.org,
155,Skylar,MacCartan,smaccartan4a@a8.net,C1
156,Nevile,Challicum,nchallicum4b@yelp.com,AB
157,Hobard,Pittaway,hpittaway4c@booking.com,
158,Rodi,Fagence,rfagence4d@narod.ru,
159,Chantal,Handling,chandling4e@engadget.com,
160,Raynard,Chafer,rchafer4f@rakuten.co.jp,
161,Brion,Simmill,bsimmill4g@blog.com,
162,Nickie,Vanelli,nvanelli4h@smh.com.au,
163,Shayne,Bales,sbales4i@ihg.com,MN
164,Lorain,De Brett,ldebrett4j@moonfruit.com,
165,Elbertina,Fronczak,efronczak4k@jimdo.com,
166,Clay,Campey,ccampey4l@com.com,
167,Aloise,Rossin,arossin4m@theatlantic.com,7
168,Dennis,Sante,dsante4n@eventbrite.com,PM
169,Connie,Alway,calway4o@reddit.com,
170,Dave,Paddick,dpaddick4p@microsoft.com,
171,Francklin,Andriuzzi,fandriuzzi4q@t-online.de,
172,Christina,Hedditeh,chedditeh4r@last.fm,
173,Briny,Russen,brussen4s@oaic.gov.au,
174,Dasya,Wellstead,dwellstead4t@netlog.com,
175,Dottie,Bransom,dbransom4u@msu.edu,
176,Merrel,Strangeways,mstrangeways4v@stumbleupon.com,
177,Chester,Deacock,cdeacock4w@godaddy.com,
178,Cilka,Chiverstone,cchiverstone4x@hao123.com,4
179,Kingsly,Bunney,kbunney4y@ftc.gov,
180,Davine,Dikes,ddikes4z@usnews.com,O
181,Blinni,Kondratenya,bkondratenya50@bbb.org,
182,Timothea,Newis,tnewis51@github.io,
183,Felita,Gunthorpe,fgunthorpe52@google.co.jp,
184,Mel,Klais,mklais53@spiegel.de,
185,Austin,Gribben,agribben54@senate.gov,
186,Basilius,Jorissen,bjorissen55@hubpages.com,
187,Roscoe,Cowap,rcowap56@google.com.hk,
188,Teri,Wrigley,twrigley57@spotify.com,
189,Lena,Van Weedenburg,lvanweedenburg58@stumbleupon.com,
190,Alisun,Flode,aflode59@hubpages.com,
191,Maxim,Golsworthy,mgolsworthy5a@webs.com,FL
192,Gallagher,Wynne,gwynne5b@unesco.org,
193,Darsey,Harrison,dharrison5c@oracle.com,
194,Anestassia,Yuryev,ayuryev5d@loc.gov,
195,Stuart,Tebbutt,stebbutt5e@imdb.com,
196,Brooks,Enevoldsen,benevoldsen5f@alibaba.com,
197,Frayda,Oppie,foppie5g@abc.net.au,
198,Micky,Cords,mcords5h@xrea.com,
199,Buddy,Riccioppo,briccioppo5i@artisteer.com,E
200,Orelee,Dyble,odyble5j@alibaba.com,
201,Helga,Helix,hhelix5k@dagondesign.com,6
202,Caryl,Clace,cclace5l@ftc.gov,
203,Carola,Blogg,cblogg5m@xing.com,
204,Samaria,Aucock,saucock5n@marketwatch.com,
205,Tiphany,Clapton,tclapton5o@sohu.com,
206,Nelie,Puzey,npuzey5p@youtu.be,
207,Fernande,Yaknov,fyaknov5q@ucsd.edu,
208,Bird,Sibthorpe,bsibthorpe5r@blogger.com,NC
209,Papageno,Ferebee,pferebee5s@sitemeter.com,
210,Kristofor,Winley,kwinley5t@narod.ru,
211,Farand,Rake,frake5u@fda.gov,
212,Eddy,Mattocks,emattocks5v@msu.edu,
213,Cariotta,Withers,cwithers5w@wordpress.com,
214,Bette,Wigfall,bwigfall5x@gravatar.com,
215,Ailina,Brasseur,abrasseur5y@cbslocal.com,
216,Frederica,Quincey,fquincey5z@foxnews.com,
217,Anallese,Rowcliffe,arowcliffe60@paypal.com,
218,Mathilde,Dussy,mdussy61@angelfire.com,
219,Melodie,Broggetti,mbroggetti62@nbcnews.com,
220,Viola,Kirwood,vkirwood63@chicagotribune.com,
221,Eryn,Yuryatin,eyuryatin64@symantec.com,
222,Jeniffer,Kramer,jkramer65@g.co,
223,Keefe,Kobes,kkobes66@lycos.com,
224,Marge,Chavez,mchavez67@gizmodo.com,OAX
225,Ransom,Lawrenz,rlawrenz68@google.pl,
226,Sharia,Hame,shame69@gnu.org,
227,Mab,Samsin,msamsin6a@dot.gov,
228,Hewitt,Aizikovitch,haizikovitch6b@ehow.com,
229,Kilian,Henniger,khenniger6c@squidoo.com,
230,Gasper,Blackater,gblackater6d@example.com,
231,Adda,Labuschagne,alabuschagne6e@msu.edu,F
232,Antoinette,MacGillivrie,amacgillivrie6f@360.cn,
233,Teodoro,Shields,tshields6g@timesonline.co.uk,
234,Rainer,Firle,rfirle6h@cnet.com,
235,Stevana,Bon,sbon6i@cyberchimps.com,
236,Jorrie,Mansuer,jmansuer6j@imdb.com,
237,Lucius,Sproat,lsproat6k@theglobeandmail.com,
238,Tove,Sabathier,tsabathier6l@nih.gov,
239,Kinsley,Conklin,kconklin6m@ebay.co.uk,
240,Finn,Turbard,fturbard6n@godaddy.com,
241,Andrey,Thorrington,athorrington6o@ca.gov,
242,Libbi,Gogan,lgogan6p@mediafire.com,TX
243,Clara,Bogaert,cbogaert6q@cornell.edu,
244,Laurie,Chatwood,lchatwood6r@state.tx.us,
245,Julienne,Piatek,jpiatek6s@amazon.com,
246,Konstantin,D'Alesco,kdalesco6t@amazon.de,
247,Aleta,Carwithim,acarwithim6u@macromedia.com,
248,Brande,Swindell,bswindell6v@posterous.com,
249,Dora,Moffatt,dmoffatt6w@businesswire.com,
250,Theodoric,Boar,tboar6x@trellian.com,
251,Marianne,Pimlott,mpimlott6y@abc.net.au,
252,Tim,Birchenhead,tbirchenhead6z@ucla.edu,
253,Hamid,Chaffen,hchaffen70@sakura.ne.jp,
254,Saba,Firmage,sfirmage71@ox.ac.uk,
255,Ruby,Matthieson,rmatthieson72@parallels.com,
256,Lief,Cicchelli,lcicchelli73@wikipedia.org,
257,Brenn,Toone,btoone74@salon.com,
258,Saba,Wint,swint75@exblog.jp,BC
259,Holly,Antoniutti,hantoniutti76@macromedia.com,
260,Berthe,Hollingby,bhollingby77@whitehouse.gov,
261,Nickola,Jon,njon78@hatena.ne.jp,
262,Alethea,Leaburn,aleaburn79@multiply.com,
263,Corena,Bollin,cbollin7a@huffingtonpost.com,
264,Chrisy,Welfair,cwelfair7b@360.cn,
265,Kerri,Hindenberger,khindenberger7c@uiuc.edu,
266,Kristos,Cran,kcran7d@msn.com,
267,Anthiathia,Bigley,abigley7e@paginegialle.it,
268,Bettye,Jeune,bjeune7f@addtoany.com,
269,Carny,Broadfoot,cbroadfoot7g@mlb.com,
270,Findlay,Grima,fgrima7h@seesaa.net,
271,Daren,Rathbourne,drathbourne7i@t.co,
272,Danice,Lunny,dlunny7j@whitehouse.gov,
273,Nara,Nacey,nnacey7k@cloudflare.com,
274,Anatola,Gleed,agleed7l@wordpress.com,
275,Belia,Stump,bstump7m@sogou.com,
276,Amerigo,Mathews,amathews7n@joomla.org,
277,Natka,Lodewick,nlodewick7o@google.com.au,
278,Alix,Dowthwaite,adowthwaite7p@nih.gov,
279,Skipp,Makin,smakin7q@nsw.gov.au,
280,Fredericka,Kerss,fkerss7r@newyorker.com,
281,Deni,Puttnam,dputtnam7s@digg.com,
282,Lynette,Fleming,lfleming7t@sina.com.cn,
283,Lexi,Zumbusch,lzumbusch7u@nifty.com,3
284,Paddy,Burril,pburril7v@histats.com,
285,Merrily,Borell,mborell7w@admin.ch,
286,Forester,Pickwell,fpickwell7x@hud.gov,
287,Cobb,Banker,cbanker7y@odnoklassniki.ru,
288,Reed,Caudwell,rcaudwell7z@epa.gov,
289,Niles,Bruineman,nbruineman80@icq.com,
290,Carmella,Frisdick,cfrisdick81@1und1.de,
291,Deane,Matteo,dmatteo82@unicef.org,14
292,Derward,Renn,drenn83@china.com.cn,
293,Valery,Buckell,vbuckell84@wikia.com,
294,Rolf,Stuttard,rstuttard85@tumblr.com,
295,Phillipe,Warrick,pwarrick86@house.gov,
296,Bradan,Clemitt,bclemitt87@upenn.edu,
297,Mariejeanne,Bouller,mbouller88@prweb.com,
298,Sarina,Lecointe,slecointe89@time.com,
299,Staci,Duckham,sduckham8a@reddit.com,LA
300,Keslie,Pressnell,kpressnell8b@psu.edu,
301,Lacie,Endicott,lendicott8c@wunderground.com,
302,Eudora,Alibone,ealibone8d@tumblr.com,
303,Lise,Houliston,lhouliston8e@google.co.uk,
304,Danette,Broader,dbroader8f@indiegogo.com,
305,Juline,Odda,jodda8g@freewebs.com,
306,Monah,Haskayne,mhaskayne8h@theguardian.com,
307,Meaghan,Whitemarsh,mwhitemarsh8i@bloglines.com,
308,Yule,Greenside,ygreenside8j@surveymonkey.com,13
309,Ginnie,Hanby,ghanby8k@stanford.edu,1
310,Oralle,Christofle,ochristofle8l@tripadvisor.com,
311,Bethany,Farrall,bfarrall8m@drupal.org,
312,Waite,Pragnell,wpragnell8n@nydailynews.com,
313,Keen,Savill,ksavill8o@ehow.com,
314,Jessica,Eagle,jeagle8p@columbia.edu,
315,Alice,Juett,ajuett8q@examiner.com,
316,Gerianna,Crispe,gcrispe8r@hugedomains.com,AB
317,Abbe,Dornin,adornin8s@oracle.com,
318,Sharona,Kippling,skippling8t@salon.com,
319,Chet,Longthorn,clongthorn8u@nytimes.com,
320,Demetri,Westfield,dwestfield8v@microsoft.com,
321,Garfield,Dust,gdust8w@yellowbook.com,
322,Billie,Karmel,bkarmel8x@cpanel.net,CA
323,Damian,Van Der Weedenburg,dvanderweedenburg8y@about.me,
324,Armand,Ride,aride8z@taobao.com,
325,Velvet,von Hagt,vvonhagt90@php.net,
326,Ashley,Gaytor,agaytor91@blogger.com,
327,Jobie,Maffey,jmaffey92@youtu.be,
328,Muire,Rain,mrain93@google.com.au,
329,Dulcy,Jonuzi,djonuzi94@twitpic.com,
330,Ringo,Trusler,rtrusler95@amazon.co.jp,
331,Thatch,Maulkin,tmaulkin96@cpanel.net,
332,Betsy,Augustine,baugustine97@eventbrite.com,
333,Annabel,Lavrick,alavrick98@networksolutions.com,
334,Knox,Goodlad,kgoodlad99@prnewswire.com,
335,Baird,Aharoni,baharoni9a@zdnet.com,
336,Baryram,Buffy,bbuffy9b@topsy.com,
337,Cyril,Stark,cstark9c@skype.com,
338,Kai,Glen,kglen9d@flickr.com,
339,Vitoria,Willsmore,vwillsmore9e@tripadvisor.com,
340,Jesse,Crafter,jcrafter9f@irs.gov,
341,Thorndike,Oulet,toulet9g@bbb.org,
342,Elizabeth,Woodroof,ewoodroof9h@cpanel.net,
343,Karrie,Mousley,kmousley9i@lulu.com,
344,Dion,Polkinhorn,dpolkinhorn9j@discovery.com,
345,Darelle,Chattock,dchattock9k@webnode.com,
346,Cleon,Byrth,cbyrth9l@prlog.org,
347,Minnnie,Mauser,mmauser9m@indiegogo.com,
348,Neilla,McCuffie,nmccuffie9n@icio.us,
349,Ned,D'Antuoni,ndantuoni9o@va.gov,
350,Melosa,Atto,matto9p@ox.ac.uk,
351,Simonne,Northridge,snorthridge9q@digg.com,
352,Milly,Peltz,mpeltz9r@home.pl,
353,Obediah,Eliyahu,oeliyahu9s@deliciousdays.com,
354,Constantia,Offin,coffin9t@sun.com,
355,Barbaraanne,Seacroft,bseacroft9u@google.nl,
356,Joella,Chard,jchard9v@cornell.edu,
357,Else,Cuttle,ecuttle9w@booking.com,
358,Amelina,Yakebovich,ayakebovich9x@paypal.com,
359,Michaella,Penswick,mpenswick9y@soundcloud.com,
360,Aldus,Philippeaux,aphilippeaux9z@angelfire.com,MD
361,Gare,Eger,gegera0@cloudflare.com,99
362,Rhiamon,Lewnden,rlewndena1@joomla.org,
363,Emmet,De Clairmont,edeclairmonta2@examiner.com,
364,Tove,Bullen,tbullena3@webeden.co.uk,
365,Cleavland,Heathorn,cheathorna4@scientificamerican.com,
366,Pernell,Tumini,ptuminia5@toplist.cz,
367,Myles,Churm,mchurma6@guardian.co.uk,
368,Adolphus,Grevatt,agrevatta7@ucla.edu,
369,Priscilla,Deacon,pdeacona8@ustream.tv,
370,Anne,Crinkley,acrinkleya9@github.com,
371,Charla,Crispe,ccrispeaa@tamu.edu,
372,Bron,Sarjent,bsarjentab@webs.com,
373,Alecia,Astridge,aastridgeac@tinyurl.com,
374,Dukie,Colliard,dcolliardad@fastcompany.com,
375,Elsie,Spraggs,espraggsae@uiuc.edu,
376,Bentlee,Benard,bbenardaf@goo.gl,
377,Omar,Chilton,ochiltonag@amazon.com,
378,Zack,Hryniewicki,zhryniewickiah@msu.edu,12
379,Noby,Peek,npeekai@ca.gov,NM
380,Tybalt,Pennigar,tpennigaraj@skype.com,
381,Winnifred,Bunney,wbunneyak@google.com.hk,
382,Archambault,Salack,asalackal@psu.edu,
383,Robyn,Molineaux,rmolineauxam@walmart.com,HI
384,Donelle,Tittershill,dtittershillan@technorati.com,
385,Agneta,Leworthy,aleworthyao@huffingtonpost.com,BY
386,Briney,Durker,bdurkerap@intel.com,
387,Philip,Durbann,pdurbannaq@yahoo.com,
388,Doro,Dulling,ddullingar@chron.com,13
389,Wilmar,Bilsborrow,wbilsborrowas@soundcloud.com,
390,Joshia,Leverentz,jleverentzat@arstechnica.com,
391,Anallese,Pomery,apomeryau@arstechnica.com,
392,Jeri,Oliver,joliverav@1688.com,
393,Dina,O'Cullen,docullenaw@state.gov,12
394,Berne,Mellanby,bmellanbyax@addthis.com,
395,Hercule,Cockney,hcockneyay@virginia.edu,
396,Dory,Luscombe,dluscombeaz@springer.com,
397,Stevena,Carr,scarrb0@jigsy.com,
398,Jordan,Wakes,jwakesb1@google.co.uk,
399,Gayel,Colbran,gcolbranb2@issuu.com,
400,Mannie,Duckham,mduckhamb3@blogger.com,SIN
401,Licha,Spaven,lspavenb4@usatoday.com,
402,Dyanna,Manjin,dmanjinb5@nymag.com,
403,Marcelia,McGrory,mmcgroryb6@amazon.co.jp,
404,Jordon,Cusick,jcusickb7@hao123.com,
405,Blithe,Robertazzi,brobertazzib8@aboutads.info,
406,Reube,Paynter,rpaynterb9@csmonitor.com,
407,Guenna,Cansfield,gcansfieldba@hp.com,
408,Damita,Muckle,dmucklebb@twitpic.com,AB
409,Penelope,Gowers,pgowersbc@sohu.com,
410,Malinde,Beaford,mbeafordbd@tiny.cc,
411,Min,Coultish,mcoultishbe@redcross.org,
412,Kalindi,Pulsford,kpulsfordbf@themeforest.net,B7
413,Selle,Roddick,sroddickbg@livejournal.com,
414,Jamil,Hardaway,jhardawaybh@marketwatch.com,
415,Rabi,Argente,rargentebi@yellowpages.com,
416,Niki,Larvor,nlarvorbj@ameblo.jp,
417,Karoly,Lippingwell,klippingwellbk@youku.com,
418,Tory,Barthorpe,tbarthorpebl@vk.com,
419,Brewster,Sawyer,bsawyerbm@merriam-webster.com,
420,Tildy,Thorwarth,tthorwarthbn@pen.io,
421,Alic,Michael,amichaelbo@tuttocitta.it,KY
422,Torrin,Pinching,tpinchingbp@theguardian.com,
423,Evyn,Derl,ederlbq@dagondesign.com,
424,Fionna,Huccaby,fhuccabybr@shareasale.com,
425,Pacorro,O'Keefe,pokeefebs@skype.com,UP
426,Kelsi,Fozzard,kfozzardbt@youku.com,
427,Orbadiah,Daintree,odaintreebu@sciencedirect.com,
428,Byrann,Glass,bglassbv@vinaora.com,
429,Eadith,Perulli,eperullibw@home.pl,
430,Ammamaria,Twiddell,atwiddellbx@hao123.com,3
431,Keven,Embleton,kembletonby@wiley.com,
432,Lainey,Mewe,lmewebz@springer.com,
433,Natalee,Knellen,nknellenc0@123-reg.co.uk,
434,Chelsey,Espadas,cespadasc1@angelfire.com,
435,Gale,MacClay,gmacclayc2@berkeley.edu,
436,Nathan,Nellies,nnelliesc3@shutterfly.com,
437,Hastie,Freeland,hfreelandc4@techcrunch.com,
438,Marguerite,Grassi,mgrassic5@trellian.com,
439,Mavis,McPeice,mmcpeicec6@about.com,LM
440,Pansie,Hould,phouldc7@aboutads.info,
441,Leta,Rhule,lrhulec8@google.com.br,
442,Cherlyn,Georgot,cgeorgotc9@boston.com,
443,Gard,Droghan,gdroghanca@japanpost.jp,SON
444,Cosette,Fantini,cfantinicb@google.de,
445,Melodie,Godilington,mgodilingtoncc@dmoz.org,
446,Melissa,Torbet,mtorbetcd@scribd.com,
447,Thomasine,Bathowe,tbathowece@businessinsider.com,
448,Tanner,Yetton,tyettoncf@delicious.com,
449,Ibrahim,Cassel,icasselcg@sitemeter.com,
450,Meta,Passman,mpassmanch@toplist.cz,
451,Alikee,Free,afreeci@jimdo.com,
452,Irvin,Kendrick,ikendrickcj@tinyurl.com,
453,Dietrich,Wallworke,dwallworkeck@tripadvisor.com,
454,Rosy,Forsbey,rforsbeycl@vimeo.com,
455,Edouard,Oliva,eolivacm@vk.com,COA
456,Anders,Whitnell,awhitnellcn@bigcartel.com,
457,Viva,Pasek,vpasekco@dedecms.com,
458,Aila,Bridat,abridatcp@wix.com,
459,Sheila,Marklund,smarklundcq@independent.co.uk,
460,Norby,Cramer,ncramercr@ameblo.jp,
461,Elsi,Wyer,ewyercs@alibaba.com,
462,Wilhelmina,Hamal,whamalct@google.fr,
463,Hollis,Tincombe,htincombecu@hugedomains.com,
464,Danica,Vondrach,dvondrachcv@ucla.edu,
465,Norrie,Kiossel,nkiosselcw@noaa.gov,
466,Trefor,Stucksbury,tstucksburycx@soup.io,
467,Tomkin,Lowater,tlowatercy@quantcast.com,
468,Denise,Caukill,dcaukillcz@shutterfly.com,
469,Jermain,O'Caine,jocained0@icq.com,
470,Jeno,Leborgne,jleborgned1@ucla.edu,1
471,Anselma,Fedder,afedderd2@joomla.org,
472,Kaia,Verrick,kverrickd3@liveinternet.ru,
473,Guy,Kilrow,gkilrowd4@hostgator.com,B3
474,Patton,Luetkemeyer,pluetkemeyerd5@hhs.gov,
475,Flinn,Mercer,fmercerd6@upenn.edu,
476,Jeanine,Obray,jobrayd7@addthis.com,
477,Jodi,Anger,jangerd8@dropbox.com,
478,Ludovico,Hosburn,lhosburnd9@sohu.com,
479,Alameda,Pickrill,apickrillda@twitter.com,
480,Liuka,Coom,lcoomdb@mapquest.com,
481,Rudy,Stancliffe,rstancliffedc@yellowbook.com,AL
482,Vinnie,Gentil,vgentildd@topsy.com,
483,Jacquelynn,Extal,jextalde@bing.com,
484,Ira,Brislen,ibrislendf@jimdo.com,
485,Arley,Rosewall,arosewalldg@prnewswire.com,
486,Paul,Bernardon,pbernardondh@blogger.com,
487,Dominic,Gwioneth,dgwionethdi@wunderground.com,
488,Tedi,Huguenet,thuguenetdj@census.gov,13
489,Terry,Grinikhinov,tgrinikhinovdk@va.gov,
490,Paddy,Castaignet,pcastaignetdl@auda.org.au,
491,Murdoch,Sundin,msundindm@usatoday.com,
492,Junina,Joddins,jjoddinsdn@bbb.org,
493,Averil,Witheridge,awitheridgedo@1und1.de,
494,Hyman,Parris,hparrisdp@webs.com,
495,Murdoch,Dreng,mdrengdq@etsy.com,
496,Starlene,Killimister,skillimisterdr@edublogs.org,
497,Tiffany,Hamshaw,thamshawds@timesonline.co.uk,
498,Germana,Deverell,gdeverelldt@studiopress.com,
499,Linnell,Mieville,lmievilledu@hud.gov,
500,Marcelline,Hannaway,mhannawaydv@stanford.edu,
501,Odelia,Cakes,ocakesdw@va.gov,C
502,Tamiko,Somerlie,tsomerliedx@google.pl,
503,Hugues,Manzell,hmanzelldy@taobao.com,
504,Geri,Murtimer,gmurtimerdz@bbb.org,
505,Benedick,Tylor,btylore0@yahoo.co.jp,
506,Rodrigo,Rumming,rrumminge1@istockphoto.com,
507,Neely,MacNab,nmacnabe2@angelfire.com,
508,Trever,Wren,twrene3@imageshack.us,
509,Tome,O' Dooley,todooleye4@elegantthemes.com,
510,Nananne,Lampitt,nlampitte5@nydailynews.com,
511,Olav,Kalkofen,okalkofene6@cam.ac.uk,
512,Shawn,Lipgens,slipgense7@exblog.jp,
513,Netti,Jarrett,njarrette8@thetimes.co.uk,
514,Cello,MacWhirter,cmacwhirtere9@adobe.com,
515,Pauly,Aulton,paultonea@state.gov,Y
516,Carline,Roycroft,croycrofteb@unicef.org,14
517,Mycah,Millard,mmillardec@ucsd.edu,
518,Leonelle,McKain,lmckained@technorati.com,
519,Kaine,Heathwood,kheathwoodee@craigslist.org,
520,Livvy,Berisford,lberisfordef@fotki.com,
521,Lari,McGrae,lmcgraeeg@opera.com,
522,Shane,Verbruggen,sverbruggeneh@ocn.ne.jp,
523,Noe,Sulland,nsullandei@google.com.hk,O
524,Nicolea,Phizackarley,nphizackarleyej@wiley.com,MEX
525,Evanne,Cowthart,ecowthartek@vkontakte.ru,
526,Harli,Skoate,hskoateel@live.com,
527,Karel,Whilde,kwhildeem@cdc.gov,
528,Roma,McKinna,rmckinnaen@oaic.gov.au,
529,Morey,Batterton,mbattertoneo@bravesites.com,
530,Hulda,Heare,hheareep@hatena.ne.jp,
531,Linette,Cobbled,lcobbledeq@wp.com,
532,Francklyn,Coggin,fcogginer@apple.com,Z
533,Eleonora,Morrowe,emorrowees@storify.com,
534,Jane,Aasaf,jaasafet@indiegogo.com,
535,Galina,Tilford,gtilfordeu@umich.edu,
536,Holt,Sultan,hsultanev@nhs.uk,
537,Ealasaid,Ridolfi,eridolfiew@vkontakte.ru,
538,Celene,Cunnow,ccunnowex@chron.com,WA
539,Dew,Laxe,dlaxeey@virginia.edu,
540,Nathaniel,Ekins,nekinsez@com.com,18
541,Pammie,Jovicevic,pjovicevicf0@google.es,1084
542,Hannis,Harniman,hharnimanf1@ebay.co.uk,GRO
543,Broddie,Pollack,bpollackf2@joomla.org,
544,Cosetta,Brownbill,cbrownbillf3@ezinearticles.com,
545,Lorenzo,Jenicek,ljenicekf4@dailymotion.com,
546,Leena,Woodwind,lwoodwindf5@nationalgeographic.com,18
547,Vanny,Freeborn,vfreebornf6@zdnet.com,
548,Carrissa,Elcome,celcomef7@forbes.com,
549,Hersh,Skaife d'Ingerthorpe,hskaifedingerthorpef8@godaddy.com,
550,Pinchas,Boar,pboarf9@vistaprint.com,
551,Barnard,Oulett,boulettfa@ft.com,
552,Diahann,O'Henehan,dohenehanfb@miitbeian.gov.cn,
553,Annabel,Searsby,asearsbyfc@yelp.com,
554,Camille,Jeanin,cjeaninfd@mlb.com,
555,Wallis,Cayette,wcayettefe@prlog.org,
556,Lettie,Wilmut,lwilmutff@sbwire.com,
557,Dorey,Winkless,dwinklessfg@wikispaces.com,
558,Dionisio,Lamming,dlammingfh@shareasale.com,
559,Danice,Eaklee,deakleefi@cam.ac.uk,
560,Marga,Lober,mloberfj@liveinternet.ru,
561,Nanny,Kaas,nkaasfk@pinterest.com,
562,Thea,Sandars,tsandarsfl@wunderground.com,
563,Alexandra,Catlin,acatlinfm@joomla.org,
564,Sonnie,Cowndley,scowndleyfn@icio.us,
565,Eustacia,Wenderoth,ewenderothfo@answers.com,
566,Aime,Manz,amanzfp@spiegel.de,
567,Base,Rawdall,brawdallfq@issuu.com,
568,Trisha,Duly,tdulyfr@themeforest.net,
569,Carleen,Newcombe,cnewcombefs@bluehost.com,
570,Robbert,Humbatch,rhumbatchft@wunderground.com,
571,Laurent,Hinckley,lhinckleyfu@about.com,
572,Hervey,Whereat,hwhereatfv@wikimedia.org,
573,Beverlie,Heaker,bheakerfw@fc2.com,
574,Felipa,Maton,fmatonfx@furl.net,
575,Moses,Sall,msallfy@hexun.com,
576,Kimmi,Riatt,kriattfz@lycos.com,
577,Thorvald,Nursey,tnurseyg0@istockphoto.com,
578,Albina,Carlile,acarlileg1@icio.us,
579,Roger,Charkham,rcharkhamg2@delicious.com,
580,Serene,De Mitris,sdemitrisg3@irs.gov,
581,Borden,Goldsberry,bgoldsberryg4@wunderground.com,
582,Eugen,Sparrowe,esparroweg5@simplemachines.org,
583,Edwina,Pryde,eprydeg6@theglobeandmail.com,
584,Benito,Lamming,blammingg7@businesswire.com,
585,Rebecka,Worcs,rworcsg8@si.edu,
586,Garry,Willisch,gwillischg9@techcrunch.com,
587,Ardelia,Dey,adeyga@drupal.org,
588,Doris,Divina,ddivinagb@cmu.edu,
589,Martyn,Petrina,mpetrinagc@cam.ac.uk,
590,Rolfe,Simms,rsimmsgd@squidoo.com,
591,Myrtia,Dudmarsh,mdudmarshge@foxnews.com,
592,Cherise,Wolfenden,cwolfendengf@google.fr,CT
593,Gun,Jakubowsky,gjakubowskygg@hubpages.com,
594,Joy,Tunkin,jtunkingh@bbb.org,18
595,Bobbie,Naisbit,bnaisbitgi@dion.ne.jp,
596,Naomi,Burr,nburrgj@google.cn,
597,Leeann,Fermor,lfermorgk@mozilla.com,
598,Charles,Lawdham,clawdhamgl@ibm.com,
599,Brena,Crittal,bcrittalgm@homestead.com,10
600,Philippine,Letcher,pletchergn@pbs.org,
601,Allistir,Glassup,aglassupgo@bigcartel.com,
602,Urban,D'Andrea,udandreagp@utexas.edu,
603,Fraser,Hardin,fhardingq@ask.com,
604,Man,Speek,mspeekgr@imdb.com,
605,Craggie,Fiorentino,cfiorentinogs@cisco.com,
606,Bobbee,Tirte,btirtegt@intel.com,
607,Willi,Hartmann,whartmanngu@is.gd,
608,Walden,Grennan,wgrennangv@discuz.net,
609,Brooks,Smiths,bsmithsgw@i2i.jp,MN
610,Daisey,Willgoose,dwillgoosegx@ovh.net,
611,Daryl,Muddicliffe,dmuddicliffegy@google.com.br,
612,Melicent,Matous,mmatousgz@arstechnica.com,
613,Merrie,Damato,mdamatoh0@ameblo.jp,
614,Jaye,Wiburn,jwiburnh1@princeton.edu,
615,Chadwick,Volcker,cvolckerh2@twitter.com,
616,Ella,De Bruyn,edebruynh3@baidu.com,
617,Merrill,Strafford,mstraffordh4@bigcartel.com,
618,Henrieta,Pizer,hpizerh5@wikipedia.org,
619,Winnifred,Fishleigh,wfishleighh6@hp.com,
620,Raimund,Cristofori,rcristoforih7@dmoz.org,
621,Dalia,Clemmen,dclemmenh8@ustream.tv,
622,Lorilee,Bumphrey,lbumphreyh9@businesswire.com,
623,Yardley,Manueli,ymanueliha@telegraph.co.uk,
624,Sybilla,Rikkard,srikkardhb@simplemachines.org,A9
625,Henriette,Macourek,hmacourekhc@army.mil,
626,Lorri,Amys,lamyshd@umich.edu,
627,Ezechiel,Gillings,egillingshe@smugmug.com,
628,Martyn,Hullbrook,mhullbrookhf@ucoz.ru,
629,Arleyne,Challin,achallinhg@nba.com,
630,Davine,Laven,dlavenhh@boston.com,
631,Gerrard,Macek,gmacekhi@miibeian.gov.cn,
632,Rory,Luff,rluffhj@house.gov,14
633,Jamal,Bolland,jbollandhk@nifty.com,
634,Lilah,Dedmam,ldedmamhl@usgs.gov,
635,Arabella,Kruse,akrusehm@free.fr,
636,Glenn,Yurkiewicz,gyurkiewiczhn@skype.com,
637,Hillier,Willett,hwillettho@nifty.com,
638,Claudio,Judge,cjudgehp@lycos.com,
639,Nickolaus,Towell,ntowellhq@flickr.com,
640,Rene,Michin,rmichinhr@last.fm,
641,Silvan,Ortner,sortnerhs@blogspot.com,
642,Devonna,Baty,dbatyht@boston.com,
643,Jarvis,Tootal,jtootalhu@pen.io,
644,Ellie,McGreay,emcgreayhv@squarespace.com,
645,Giovanna,Stillman,gstillmanhw@yellowbook.com,
646,Beauregard,Eickhoff,beickhoffhx@yandex.ru,A4
647,Shana,Bruford,sbrufordhy@posterous.com,
648,Francyne,Byram,fbyramhz@constantcontact.com,
649,Hamlin,Whitcomb,hwhitcombi0@php.net,B3
650,Timoteo,Mixer,tmixeri1@pcworld.com,
651,Nelia,Folkes,nfolkesi2@umich.edu,
652,Ludvig,Onraet,lonraeti3@tamu.edu,
653,Clemens,Wass,cwassi4@dailymotion.com,
654,Magda,Buey,mbueyi5@upenn.edu,LA
655,Chiquia,Poundsford,cpoundsfordi6@about.me,
656,Ody,Peattie,opeattiei7@storify.com,
657,Gypsy,Cobden,gcobdeni8@msu.edu,
658,Novelia,Simon,nsimoni9@uol.com.br,11
659,Susana,Grelik,sgrelikia@cpanel.net,
660,Culver,Le Bosse,clebosseib@jalbum.net,
661,Nancey,Rawlinson,nrawlinsonic@e-recht24.de,
662,Lindsy,Bruna,lbrunaid@cnet.com,C
663,Nani,Louedey,nlouedeyie@skyrock.com,
664,Allsun,Duckworth,aduckworthif@chicagotribune.com,
665,Jody,Alison,jalisonig@epa.gov,
666,Adriana,Caret,acaretih@examiner.com,
667,Dirk,Hawley,dhawleyii@constantcontact.com,
668,Janka,Dimelow,jdimelowij@ezinearticles.com,
669,Janet,Tureville,jturevilleik@ucoz.ru,
670,Gawain,Beagin,gbeaginil@soup.io,
671,Meris,Connochie,mconnochieim@alibaba.com,
672,Earlie,Ravenscroftt,eravenscrofttin@sohu.com,
673,Em,Astles,eastlesio@bigcartel.com,
674,Brade,Iacivelli,biacivelliip@unicef.org,
675,Darrel,Bruniges,dbrunigesiq@sphinn.com,
676,Faith,Nuscha,fnuschair@issuu.com,
677,Annelise,Lydster,alydsteris@canalblog.com,
678,Munmro,Broadberrie,mbroadberrieit@dion.ne.jp,
679,Ian,Lazer,ilazeriu@wordpress.org,GA
680,Tabbie,Lowton,tlowtoniv@slashdot.org,
681,Margalit,Jopke,mjopkeiw@unc.edu,1
682,Hobart,Gallico,hgallicoix@amazon.com,
683,Jeri,Mucklestone,jmucklestoneiy@ow.ly,
684,Janek,Andriulis,jandriulisiz@dot.gov,
685,Perri,Badland,pbadlandj0@cmu.edu,
686,Trix,Boler,tbolerj1@plala.or.jp,
687,Boyce,Oxtarby,boxtarbyj2@yellowbook.com,
688,Sayre,Ventam,sventamj3@typepad.com,
689,Rudolfo,Fearenside,rfearensidej4@arizona.edu,
690,Gert,Edgin,gedginj5@wp.com,
691,Selle,Marzello,smarzelloj6@tripod.com,
692,Briant,Cudworth,bcudworthj7@shareasale.com,
693,Pearla,Reason,preasonj8@php.net,3
694,Thayne,Pitcaithley,tpitcaithleyj9@g.co,
695,Sib,Showl,sshowlja@php.net,4
696,Shayna,Wildes,swildesjb@bing.com,
697,Holly,Dadds,hdaddsjc@shutterfly.com,
698,Natalina,Kretschmer,nkretschmerjd@smugmug.com,
699,Yance,Haps,yhapsje@jalbum.net,B8
700,Gwynne,O'Hegertie,gohegertiejf@cisco.com,
701,Christina,Lissemore,clissemorejg@miitbeian.gov.cn,15
702,Roselle,Meriton,rmeritonjh@google.ca,
703,Lazare,Leonida,lleonidaji@gizmodo.com,
704,Sosanna,Tabour,stabourjj@sourceforge.net,
705,Shaylynn,Finnis,sfinnisjk@booking.com,
706,Buck,Gath,bgathjl@people.com.cn,
707,Karlee,Withams,kwithamsjm@slate.com,FL
708,Vonny,Childerhouse,vchilderhousejn@blinklist.com,
709,Ray,Lipp,rlippjo@dmoz.org,
710,Marco,Byart,mbyartjp@tuttocitta.it,
711,Dorian,Ibell,dibelljq@samsung.com,
712,Guillema,Spare,gsparejr@moonfruit.com,
713,Carleen,Watkiss,cwatkissjs@msu.edu,
714,Violetta,Fessier,vfessierjt@columbia.edu,
715,Sydelle,Tunnicliff,stunnicliffju@yahoo.co.jp,
716,Dulcine,Meller,dmellerjv@google.it,
717,Cairistiona,Forsard,cforsardjw@wp.com,
718,Miran,Mintoff,mmintoffjx@dyndns.org,
719,Ciro,Growcott,cgrowcottjy@nbcnews.com,
720,Jeralee,Harrod,jharrodjz@wunderground.com,VC
721,Minni,Maeer,mmaeerk0@virginia.edu,
722,Bartlet,Plester,bplesterk1@reddit.com,
723,Dorise,MacTrustam,dmactrustamk2@disqus.com,A7
724,Hetty,Siuda,hsiudak3@google.es,SGR
725,Kiel,Beddie,kbeddiek4@cbsnews.com,AB
726,Belle,Stuchbury,bstuchburyk5@altervista.org,
727,Gennifer,Rohfsen,grohfsenk6@china.com.cn,
728,Sheila,Udden,suddenk7@exblog.jp,46
729,Claiborne,MacQueen,cmacqueenk8@deliciousdays.com,
730,Delly,Mawer,dmawerk9@github.com,
731,Deena,Rix,drixka@virginia.edu,
732,Pattie,Mousby,pmousbykb@upenn.edu,
733,Raf,Tittershill,rtittershillkc@etsy.com,
734,Shelley,Caughan,scaughankd@prlog.org,
735,Xerxes,Ranald,xranaldke@boston.com,17
736,Carlee,Capenor,ccapenorkf@netscape.com,
737,Marge,Hucker,mhuckerkg@shareasale.com,
738,Arri,Aldrin,aaldrinkh@vistaprint.com,
739,Titos,Dowd,tdowdki@apple.com,NC
740,Caldwell,Beardow,cbeardowkj@home.pl,
741,Abdel,Giannassi,agiannassikk@netvibes.com,
742,Geneva,Crozier,gcrozierkl@washingtonpost.com,
743,Eugenie,Meale,emealekm@engadget.com,ON
744,Natty,Antuk,nantukkn@example.com,10
745,Leland,Sinncock,lsinncockko@facebook.com,
746,Burnard,Markwick,bmarkwickkp@adobe.com,
747,Maximilian,Gethings,mgethingskq@fc2.com,QC
748,Sharai,Folli,sfollikr@unc.edu,
749,Brandon,Cowlas,bcowlasks@vk.com,
750,Lorita,Celloni,lcellonikt@chicagotribune.com,15
751,Vernen,Rumming,vrummingku@t-online.de,O
752,Allyn,Pavier,apavierkv@cbslocal.com,
753,Chauncey,Tixall,ctixallkw@simplemachines.org,
754,Brandie,Gibben,bgibbenkx@archive.org,
755,Donica,Extance,dextanceky@cbsnews.com,
756,Zita,Chark,zcharkkz@nytimes.com,
757,Josselyn,Mackness,jmacknessl0@github.io,
758,Whittaker,Loveard,wloveardl1@hatena.ne.jp,
759,Guillema,Itzkovwitch,gitzkovwitchl2@gravatar.com,
760,Bertina,Wheelband,bwheelbandl3@senate.gov,
761,Karena,Jacqueme,kjacquemel4@i2i.jp,
762,Kirbie,Avrasin,kavrasinl5@about.com,
763,Erna,Gentil,egentill6@ucla.edu,B4
764,Annelise,Hubeaux,ahubeauxl7@blogs.com,MEX
765,Debera,Musker,dmuskerl8@digg.com,
766,Nanette,Elloit,nelloitl9@adobe.com,3
767,Merrel,Evill,mevillla@diigo.com,
768,Cissy,Annand,cannandlb@google.com,
769,Andriana,Botham,abothamlc@patch.com,
770,Breena,Oldnall,boldnallld@bizjournals.com,VA
771,Job,Stoll,jstollle@wordpress.com,
772,Letitia,Pennini,lpenninilf@bravesites.com,
773,Annadiana,Rickhuss,arickhusslg@topsy.com,
774,Aigneis,Larimer,alarimerlh@nifty.com,
775,Lizbeth,Stair,lstairli@usatoday.com,
776,Marga,Idell,midelllj@washington.edu,
777,Tabbatha,Bettam,tbettamlk@fastcompany.com,
778,Roselia,Prati,rpratill@cnn.com,
779,Towny,Face,tfacelm@flickr.com,
780,Reggie,Gawler,rgawlerln@opensource.org,
781,Kennedy,Nipper,knipperlo@youtube.com,
782,Ariella,Worms,awormslp@vk.com,
783,Fabio,Keener,fkeenerlq@pagesperso-orange.fr,
784,Skipp,Halloran,shalloranlr@state.gov,
785,Cristin,McNea,cmcneals@fc2.com,
786,Saundra,Dowtry,sdowtrylt@cam.ac.uk,AB
787,Blair,Hartin,bhartinlu@google.co.jp,
788,George,Coneybeare,gconeybearelv@naver.com,
789,Ara,Burren,aburrenlw@webs.com,A8
790,Robbin,Pinnock,rpinnocklx@japanpost.jp,
791,Jannel,Pithcock,jpithcockly@delicious.com,
792,Flori,Lefeaver,flefeaverlz@vk.com,
793,Cobbie,McKernon,cmckernonm0@facebook.com,A8
794,Marylinda,Wilkie,mwilkiem1@seesaa.net,CO
795,Selinda,Hounsom,shounsomm2@weibo.com,AB
796,Abraham,Skahill,askahillm3@studiopress.com,
797,Tessa,Masser,tmasserm4@hostgator.com,
798,Fraser,Quilligan,fquilliganm5@bing.com,IA
799,Inglis,Cosley,icosleym6@forbes.com,
800,Nicholle,Cornell,ncornellm7@slate.com,
801,Kristoforo,Flisher,kflisherm8@usatoday.com,
802,Thurston,Levett,tlevettm9@edublogs.org,
803,Billy,Caroli,bcarolima@ustream.tv,
804,Janis,Tybalt,jtybaltmb@cbslocal.com,
805,Susi,Ortega,sortegamc@phoca.cz,BE
806,Polly,Haslehurst,phaslehurstmd@home.pl,A7
807,Lucio,Heningam,lheningamme@nba.com,S
808,Sergei,Rebbeck,srebbeckmf@barnesandnoble.com,
809,Daniella,Beric,dbericmg@unc.edu,
810,Dukey,Conner,dconnermh@yolasite.com,
811,Mildred,Tomankiewicz,mtomankiewiczmi@discuz.net,
812,Gabbi,Elgram,gelgrammj@163.com,
813,Romona,Tunbridge,rtunbridgemk@who.int,
814,Berte,Zannolli,bzannolliml@aol.com,WA
815,Reeta,Wills,rwillsmm@freewebs.com,
816,Helaine,Leile,hleilemn@auda.org.au,
817,Ariel,Biffen,abiffenmo@hhs.gov,
818,Lucine,Newband,lnewbandmp@livejournal.com,11
819,Evyn,Ozintsev,eozintsevmq@soundcloud.com,
820,Terence,Benazet,tbenazetmr@msn.com,
821,Julia,Leeder,jleederms@nba.com,
822,Tommie,Bertwistle,tbertwistlemt@squidoo.com,1
823,Electra,Barth,ebarthmu@sbwire.com,
824,Frazier,Di Batista,fdibatistamv@bandcamp.com,
825,Adella,McLanachan,amclanachanmw@un.org,
826,Ashlin,Holbury,aholburymx@yelp.com,
827,Tomasina,Chafer,tchafermy@issuu.com,
828,Rania,Rockhall,rrockhallmz@discuz.net,
829,Carine,Heditch,cheditchn0@rambler.ru,IL
830,Kurt,Meuse,kmeusen1@usa.gov,
831,Glen,Willshaw,gwillshawn2@barnesandnoble.com,
832,Maryrose,Rabley,mrableyn3@oaic.gov.au,
833,Lucho,Churchouse,lchurchousen4@skype.com,
834,Ileane,Collick,icollickn5@hc360.com,
835,Therine,MacCarlich,tmaccarlichn6@biblegateway.com,
836,Alphonso,Warlaw,awarlawn7@ca.gov,
837,Jessica,Goodwill,jgoodwilln8@google.es,
838,Abagail,Easun,aeasunn9@liveinternet.ru,
839,Killian,Jocic,kjocicna@seesaa.net,
840,Raffaello,Esparza,resparzanb@oaic.gov.au,
841,Pearle,Fansy,pfansync@gov.uk,
842,Jamie,Walaron,jwalaronnd@howstuffworks.com,
843,Conrade,Geertje,cgeertjene@ow.ly,
844,Galvan,Kures,gkuresnf@tinypic.com,
845,Eba,Leader,eleaderng@amazon.com,
846,Pierre,Bridges,pbridgesnh@reuters.com,
847,Marabel,Youle,myouleni@weather.com,
848,Del,Kelner,dkelnernj@hexun.com,
849,Clementine,Gotts,cgottsnk@techcrunch.com,ON
850,Murdock,Cattonnet,mcattonnetnl@sun.com,
851,Ashby,Mallison,amallisonnm@nbcnews.com,
852,Joseito,Farnes,jfarnesnn@php.net,
853,Nickola,Bearsmore,nbearsmoreno@umn.edu,
854,Egor,Larcier,elarciernp@nasa.gov,
855,Viviana,Barthrop,vbarthropnq@dmoz.org,
856,Tiena,Stern,tsternnr@apple.com,
857,Guthrey,Minnis,gminnisns@tamu.edu,
858,Lock,Norquoy,lnorquoynt@earthlink.net,
859,Ezekiel,Wadlow,ewadlownu@quantcast.com,
860,Raddie,Benninck,rbennincknv@comcast.net,
861,Zerk,Haton,zhatonnw@irs.gov,
862,Elwood,Wallis,ewallisnx@psu.edu,PV
863,Jameson,McMillam,jmcmillamny@parallels.com,
864,Marlon,Ghilardi,mghilardinz@wikimedia.org,
865,Breena,Hutchin,bhutchino0@mac.com,
866,Nanon,Auton,nautono1@posterous.com,
867,Zsazsa,Mantle,zmantleo2@elegantthemes.com,
868,Whittaker,O'Siaghail,wosiaghailo3@google.nl,
869,Adolph,Brogan,abrogano4@etsy.com,
870,Cissiee,Moorwood,cmoorwoodo5@domainmarket.com,M
871,Annmaria,Pantridge,apantridgeo6@huffingtonpost.com,
872,Gavra,Pygott,gpygotto7@unc.edu,
873,Jordan,Brisseau,jbrisseauo8@scientificamerican.com,
874,Gisele,Cossom,gcossomo9@comcast.net,
875,Hamel,Korpolak,hkorpolakoa@altervista.org,3
876,Xenos,Thieme,xthiemeob@biglobe.ne.jp,
877,Cash,Phil,cphiloc@macromedia.com,
878,Jonah,Bonnefin,jbonnefinod@parallels.com,IN
879,Morgan,Daniellot,mdaniellotoe@aboutads.info,
880,Cob,Dobbyn,cdobbynof@statcounter.com,
881,Roda,Morrall,rmorrallog@behance.net,
882,Dell,Crighton,dcrightonoh@imdb.com,
883,Jodi,Chesshyre,jchesshyreoi@squarespace.com,F
884,Goldy,Mungan,gmunganoj@posterous.com,
885,Lane,Marousek,lmarousekok@pen.io,
886,Leeann,Trundler,ltrundlerol@diigo.com,AB
887,Feliks,Tzuker,ftzukerom@skype.com,SN
888,Violante,Stears,vstearson@foxnews.com,
889,Vic,Vasyunin,vvasyuninoo@51.la,B5
890,Katherine,Usmar,kusmarop@geocities.jp,
891,Kitty,Ratlee,kratleeoq@mozilla.com,
892,Clare,Puttan,cputtanor@wikimedia.org,AB
893,Jessee,Rumbellow,jrumbellowos@narod.ru,
894,Ingaberg,Rose,iroseot@squarespace.com,
895,Blakelee,Fielders,bfieldersou@theguardian.com,
896,Gustavo,Wilkie,gwilkieov@histats.com,
897,Fabe,Aberdalgy,faberdalgyow@amazon.co.uk,O
898,Tabbitha,Manssuer,tmanssuerox@cocolog-nifty.com,
899,Kaiser,Killingworth,kkillingworthoy@businessweek.com,
900,Belva,Winterton,bwintertonoz@marketwatch.com,TX
901,Sidoney,Bodleigh,sbodleighp0@sina.com.cn,AB
902,Baxy,Margerison,bmargerisonp1@clickbank.net,
903,Selle,Malloch,smallochp2@upenn.edu,DC
904,Kristopher,Esplin,kesplinp3@nationalgeographic.com,
905,Jonas,Cleave,jcleavep4@house.gov,
906,Maurine,Heibl,mheiblp5@bizjournals.com,O
907,Zarah,Schankelborg,zschankelborgp6@virginia.edu,
908,Bertrando,Phear,bphearp7@vinaora.com,
909,Percy,Casiroli,pcasirolip8@va.gov,
910,Rose,Parmer,rparmerp9@cargocollective.com,
911,Felice,Lavelle,flavellepa@mysql.com,GA
912,Thia,Adger,tadgerpb@istockphoto.com,
913,Aldric,Clutton,acluttonpc@ow.ly,
914,Aron,Durrant,adurrantpd@cam.ac.uk,
915,Chilton,Conradsen,cconradsenpe@sina.com.cn,BY
916,Dulcine,Hackelton,dhackeltonpf@ezinearticles.com,99
917,Sal,Sturmey,ssturmeypg@ftc.gov,
918,Janenna,Bursnoll,jbursnollph@cyberchimps.com,
919,Rowe,Volk,rvolkpi@twitter.com,
920,Bert,Bartolijn,bbartolijnpj@loc.gov,
921,Rabi,Alexander,ralexanderpk@howstuffworks.com,
922,Tabbie,Danskine,tdanskinepl@sakura.ne.jp,
923,Phebe,Lisciardelli,plisciardellipm@cdbaby.com,
924,Diahann,Petrak,dpetrakpn@furl.net,
925,Pet,Macveigh,pmacveighpo@whitehouse.gov,
926,Bertie,Southeran,bsoutheranpp@acquirethisname.com,
927,Moira,Mainston,mmainstonpq@privacy.gov.au,
928,Warren,Eslemont,weslemontpr@skyrock.com,
929,Kimberlee,Heakins,kheakinsps@quantcast.com,
930,Jessamyn,Flegg,jfleggpt@wikipedia.org,
931,Hamel,Ballay,hballaypu@mail.ru,
932,Humberto,Eversfield,heversfieldpv@blogs.com,
933,Deva,Bullas,dbullaspw@cmu.edu,
934,Eberhard,Duding,edudingpx@wikimedia.org,
935,Helen,Naisbet,hnaisbetpy@boston.com,
936,Duane,Iorillo,diorillopz@hp.com,
937,Ossie,Sellars,osellarsq0@xinhuanet.com,
938,Mariejeanne,Spyer,mspyerq1@sfgate.com,
939,Yanaton,Janisson,yjanissonq2@storify.com,
940,Cynthie,McMoyer,cmcmoyerq3@purevolume.com,
941,Wilbur,Long,wlongq4@csmonitor.com,
942,Rustin,Banaszkiewicz,rbanaszkiewiczq5@wikia.com,
943,Gerry,Liebmann,gliebmannq6@bbc.co.uk,
944,Tadd,Comport,tcomportq7@webs.com,PA
945,Towny,Ettery,tetteryq8@soup.io,
946,Erda,Drains,edrainsq9@wiley.com,
947,Sheilakathryn,Illing,sillingqa@wired.com,
948,Babs,Nice,bniceqb@mlb.com,
949,Rita,Dreossi,rdreossiqc@google.pl,
950,Stevy,Tukely,stukelyqd@prlog.org,
951,Reagen,Geertz,rgeertzqe@ovh.net,
952,Sibbie,Toleman,stolemanqf@digg.com,
953,Cosmo,Koubek,ckoubekqg@wsj.com,
954,Pip,Jenkins,pjenkinsqh@bizjournals.com,
955,Zane,Pembery,zpemberyqi@ycombinator.com,
956,Doll,Parvin,dparvinqj@reference.com,
957,Raquel,Fourcade,rfourcadeqk@bbb.org,
958,Hercules,Sudell,hsudellql@photobucket.com,
959,Basile,Columbine,bcolumbineqm@360.cn,
960,Augustina,Schuh,aschuhqn@g.co,
961,Teena,Crowdy,tcrowdyqo@t.co,
962,Bryn,Cullabine,bcullabineqp@kickstarter.com,
963,Fern,Vaudre,fvaudreqq@qq.com,
964,Jennine,Ferriman,jferrimanqr@360.cn,
965,Marwin,Racher,mracherqs@mapquest.com,
966,Aeriell,Slessar,aslessarqt@ameblo.jp,
967,Reena,Scammonden,rscammondenqu@jimdo.com,
968,Alford,Westmarland,awestmarlandqv@biblegateway.com,
969,Poppy,Hallows,phallowsqw@skyrock.com,
970,Madelaine,Newcombe,mnewcombeqx@si.edu,
971,Darby,Binnes,dbinnesqy@ft.com,
972,Kerrin,Lages,klagesqz@vk.com,
973,Nicko,Penas,npenasr0@webmd.com,
974,Gerik,Itzkovsky,gitzkovskyr1@twitter.com,
975,Marj,Wheatman,mwheatmanr2@google.com,
976,Paten,Junkinson,pjunkinsonr3@nba.com,
977,Almeta,Arrington,aarringtonr4@abc.net.au,
978,Toma,Daviot,tdaviotr5@globo.com,
979,Ingeberg,McPhelim,imcphelimr6@seattletimes.com,
980,Claudine,Malcher,cmalcherr7@businessweek.com,
981,Cindra,Alty,caltyr8@techcrunch.com,5
982,Agnes,Skinn,askinnr9@com.com,
983,Geno,Paulucci,gpauluccira@yelp.com,18
984,Rosaleen,Szimoni,rszimonirb@github.com,
985,Dody,Akrigg,dakriggrc@csmonitor.com,
986,Amelita,Kinsett,akinsettrd@utexas.edu,
987,Kikelia,Koeppe,kkoeppere@sciencedirect.com,
988,Max,Bocock,mbocockrf@census.gov,
989,Berni,Pedron,bpedronrg@elpais.com,
990,Janetta,Plewright,jplewrightrh@google.cn,
991,Cosimo,Sturge,csturgeri@msu.edu,
992,Noah,Sonnenschein,nsonnenscheinrj@barnesandnoble.com,
993,Thaine,Rowlatt,trowlattrk@fda.gov,
994,Jon,Arbuckel,jarbuckelrl@businesswire.com,SBH
995,Hewitt,Hamshaw,hhamshawrm@reference.com,GA
996,Elene,Bontoft,ebontoftrn@buzzfeed.com,
997,Gordy,Lehrmann,glehrmannro@nifty.com,
998,Fanya,Nisen,fnisenrp@1688.com,
999,Korie,MacGray,kmacgrayrq@ebay.com,
1000,Nevin,Radden,nraddenrr@globo.com,
